{
    "people": [
        {
            "name": "John",
            "surname": "Smith",
            "sex": "male",
            "age": 26,
            "photo": "https://m.media-amazon.com/images/M/MV5BMjM3MjM3NTAxM15BMl5BanBnXkFtZTgwMTY0Nzg2OTE@._V1_.jpg"
        },
        {
            "name": "Angela",
            "surname": "Whinston",
            "sex": "female",
            "age": 31,
            "photo": "https://onthewingsoflove.blob.core.windows.net/album/011816-Angela/1.jpg"
        },
        {
            "name": "Alex",
            "surname": "Solberry",
            "sex": "male",
            "age": 35,
            "photo": "https://www.gv.com/img/team-large/john-lyman.jpg"
        },
        {
            "name": "Anna",
            "surname": "Rayan",
            "sex": "female",
            "age": 23,
            "photo": "https://pbs.twimg.com/profile_images/1127551365918679040/On8uLuSc.jpg"
        },
        {
            "name": "Michael",
            "surname": "Dobkin",
            "sex": "male",
            "age": 30,
            "photo": "https://wwwimage-secure.cbsstatic.com/thumbnails/photos/w425/cast/3b2b388f58aae2da_yr_michaelm_800x1000.jpg"
        }
    ]
}